{"val_accuracy": 88.93333333333334, "val_loss": 0.3119380613213647, "loss": 0.20353892752643124, "epochs": 5, "accuracy": 92.85185185185185, "_runtime": 77, "_timestamp": 1645433826, "_step": 5, "_wandb": {"runtime": 71}}