{"val_accuracy": 88.81666666666666, "val_loss": 0.3253767739158072, "loss": 0.20486258536553648, "epochs": 5, "accuracy": 92.77222222222223, "_runtime": 106, "_timestamp": 1645432867, "_step": 5, "_wandb": {"runtime": 97}}