{"val_accuracy": 84.39999999999999, "val_loss": 0.4615747391464075, "loss": 0.42359734987535674, "epochs": 5, "accuracy": 85.37962962962963, "_runtime": 94, "_timestamp": 1645435389, "_step": 5, "_wandb": {"runtime": 87}}