{"val_accuracy": 85.01666666666667, "val_loss": 0.44108276355548864, "loss": 0.38677808349691273, "epochs": 5, "accuracy": 86.56111111111112, "_runtime": 178, "_timestamp": 1645436140, "_step": 5, "_wandb": {"runtime": 173}}