{"val_accuracy": 84.51666666666667, "val_loss": 0.4542424559916232, "loss": 0.4171430993698987, "epochs": 5, "accuracy": 85.65, "_runtime": 105, "_timestamp": 1645436536, "_step": 5, "_wandb": {"runtime": 99}}