{"val_accuracy": 81.16666666666667, "val_loss": 0.5886175526901285, "loss": 0.5496442705679399, "epochs": 5, "accuracy": 82.5037037037037, "_runtime": 101, "_timestamp": 1645436421, "_step": 5, "_wandb": {"runtime": 94}}