{"val_accuracy": 86.18333333333334, "val_loss": 0.3995589828774591, "loss": 0.3432177121454174, "epochs": 5, "accuracy": 87.50185185185185, "_runtime": 100, "_timestamp": 1645432752, "_step": 5, "_wandb": {"runtime": 85}}