{"val_accuracy": 84.81666666666666, "val_loss": 0.4596668964297132, "loss": 0.4284284517424815, "epochs": 5, "accuracy": 85.52222222222223, "_runtime": 182, "_timestamp": 1645435764, "_step": 5, "_wandb": {"runtime": 171}}