{"val_accuracy": 86.4, "val_loss": 0.39224807869152106, "loss": 0.32548735355172626, "epochs": 5, "accuracy": 88.21296296296296, "_runtime": 154, "_timestamp": 1645433516, "_step": 5, "_wandb": {"runtime": 149}}