{"val_accuracy": 85.78333333333333, "val_loss": 0.40170358020953223, "loss": 0.35360968063209663, "epochs": 5, "accuracy": 87.41296296296296, "_runtime": 74, "_timestamp": 1645433740, "_step": 5, "_wandb": {"runtime": 68}}