{"val_accuracy": 80.9, "val_loss": 0.589042894505901, "loss": 0.5445660269494417, "epochs": 5, "accuracy": 81.94259259259259, "_runtime": 78, "_timestamp": 1645435285, "_step": 5, "_wandb": {"runtime": 72}}