{"val_accuracy": 83.85000000000001, "val_loss": 0.48882474670723214, "loss": 0.44918997060126975, "epochs": 5, "accuracy": 84.99444444444444, "_runtime": 75, "_timestamp": 1645436308, "_step": 5, "_wandb": {"runtime": 65}}