{"val_accuracy": 84.6, "val_loss": 0.4841187647486349, "loss": 0.4577152518926093, "epochs": 5, "accuracy": 84.74074074074073, "_runtime": 66, "_timestamp": 1645435196, "_step": 5, "_wandb": {"runtime": 61}}