{"val_accuracy": 89.0, "val_loss": 0.3029219071674845, "loss": 0.17772013974718948, "epochs": 5, "accuracy": 93.7925925925926, "_runtime": 114, "_timestamp": 1645433344, "_step": 5, "_wandb": {"runtime": 110}}