{"val_accuracy": 88.41666666666667, "val_loss": 0.319696716282934, "loss": 0.2008000111565324, "epochs": 5, "accuracy": 92.71111111111111, "_runtime": 109, "_timestamp": 1645434017, "_step": 5, "_wandb": {"runtime": 104}}