{"val_accuracy": 81.06666666666666, "val_loss": 0.5911941336889303, "loss": 0.5584327489460257, "epochs": 3, "accuracy": 81.80555555555556, "_runtime": 345, "_timestamp": 1645437722, "_step": 2}