{"val_accuracy": 88.44999999999999, "val_loss": 0.331351879694745, "loss": 0.18358337127202753, "epochs": 5, "accuracy": 93.58148148148148, "_runtime": 128, "_timestamp": 1645433656, "_step": 5, "_wandb": {"runtime": 123}}