{"val_accuracy": 81.2, "val_loss": 0.5851694497505723, "loss": 0.545076368243995, "epochs": 5, "accuracy": 82.17222222222222, "_runtime": 178, "_timestamp": 1645435953, "_step": 5, "_wandb": {"runtime": 169}}