{"val_accuracy": 80.43333333333334, "val_loss": 0.5905674623084569, "loss": 0.5525536935390981, "epochs": 5, "accuracy": 81.20925925925926, "_runtime": 201, "_timestamp": 1645436799, "_step": 5, "_wandb": {"runtime": 185}}