{"val_accuracy": 88.86666666666667, "val_loss": 0.31787875477959376, "loss": 0.19868945396360885, "epochs": 5, "accuracy": 92.98518518518519, "_runtime": 102, "_timestamp": 1645433085, "_step": 5, "_wandb": {"runtime": 94}}