{"val_accuracy": 86.93333333333332, "val_loss": 0.37173014123500364, "loss": 0.32339021208911234, "epochs": 5, "accuracy": 88.16851851851852, "_runtime": 86, "_timestamp": 1645432964, "_step": 5, "_wandb": {"runtime": 82}}