{"val_accuracy": 81.41666666666667, "val_loss": 0.5739428453201926, "loss": 0.5418391594005249, "epochs": 5, "accuracy": 82.30740740740741, "_runtime": 72, "_timestamp": 1645436222, "_step": 5, "_wandb": {"runtime": 66}}