{"val_accuracy": 84.56666666666666, "val_loss": 0.46738042308313116, "loss": 0.420210489528229, "epochs": 5, "accuracy": 85.93148148148148, "_runtime": 262, "_timestamp": 1645437082, "_step": 5, "_wandb": {"runtime": 256}}