{"val_accuracy": 80.83333333333333, "val_loss": 0.5859554811820084, "loss": 0.54260762619541, "epochs": 5, "accuracy": 82.0537037037037, "_runtime": 100, "_timestamp": 1645435113, "_step": 5, "_wandb": {"runtime": 95}}