{"val_accuracy": 87.31666666666666, "val_loss": 0.37320875433301615, "loss": 0.3226755340969274, "epochs": 5, "accuracy": 88.42592592592592, "_runtime": 60, "_timestamp": 1645433897, "_step": 5, "_wandb": {"runtime": 56}}