{"val_accuracy": 81.65, "val_loss": 0.58183679237457, "loss": 0.5239034036324797, "epochs": 5, "accuracy": 82.94259259259259, "_runtime": 169, "_timestamp": 1645435569, "_step": 5, "_wandb": {"runtime": 164}}