{"val_accuracy": 85.83333333333333, "val_loss": 0.3955976189931317, "loss": 0.339912599146189, "epochs": 5, "accuracy": 87.7388888888889, "_runtime": 220, "_timestamp": 1645434255, "_step": 5, "_wandb": {"runtime": 212}}