{"val_accuracy": 85.75, "val_loss": 0.39045314793443453, "loss": 0.3556680563790936, "epochs": 5, "accuracy": 86.79444444444444, "_runtime": 109, "_timestamp": 1645433212, "_step": 5, "_wandb": {"runtime": 105}}